<?xml version="1.0" encoding="utf-8"?>
<django-objects version="1.0"><object pk="21" model="tasks.task"><field type="CharField" name="title">Gößter gemeinsamer Teiler</field><field type="TextField" name="description">&lt;p&gt;&lt;strong&gt;Diese Aufgabe ist nur zum &amp;Uuml;ben und wird nicht bewertet, Sie m&amp;uuml;ssen sie also auch nicht unbedingt bearbeiten. Allerdings&amp;nbsp;&lt;em&gt;empfehlen&lt;/em&gt;&amp;nbsp;wir Ihnen die Bearbeitung, damit Sie Kommentare zu Ihrem Programmierstil bekommen.&lt;/strong&gt;&lt;/p&gt;
&lt;p&gt;Ihr Programm soll den&amp;nbsp;&lt;em&gt;gr&amp;ouml;&amp;szlig;ten gemeinsamen Teiler&lt;/em&gt;&amp;nbsp;("ggT") zweier nat&amp;uuml;rlicher Zahlen berechnen.&lt;/p&gt;
&lt;p&gt;Der ggT von&amp;nbsp;&lt;var&gt;x&lt;/var&gt;&amp;nbsp;und&amp;nbsp;&lt;var&gt;y&lt;/var&gt;&amp;nbsp;ist definiert wie folgt:&lt;/p&gt;
&lt;p&gt;ggT(&lt;var&gt;x&lt;/var&gt;,&amp;nbsp;&lt;var&gt;y&lt;/var&gt;) =&lt;/p&gt;
&lt;ol&gt;
&lt;li&gt;&lt;var&gt;x&lt;/var&gt;, wenn&amp;nbsp;&lt;var&gt;x&lt;/var&gt;&amp;nbsp;=&amp;nbsp;&lt;var&gt;y&lt;/var&gt;&lt;/li&gt;
&lt;li&gt;ggT(&lt;var&gt;x&lt;/var&gt;&amp;nbsp;-&amp;nbsp;&lt;var&gt;y&lt;/var&gt;,&amp;nbsp;&lt;var&gt;y&lt;/var&gt;), wenn&amp;nbsp;&lt;var&gt;x&lt;/var&gt;&amp;nbsp;&amp;gt;&amp;nbsp;&lt;var&gt;y&lt;/var&gt;&lt;/li&gt;
&lt;li&gt;ggT(&lt;var&gt;y&lt;/var&gt;,&amp;nbsp;&lt;var&gt;x&lt;/var&gt;), sonst&lt;/li&gt;
&lt;/ol&gt;
&lt;h2&gt;Ablauf&lt;/h2&gt;
&lt;ol&gt;
&lt;li&gt;Ihr Programm gibt die Eingabeaufforderung "&lt;tt&gt;ggT&amp;gt;&amp;nbsp;&lt;/tt&gt;" aus und liest zwei nat&amp;uuml;rliche Zahlen&amp;nbsp;&lt;var&gt;x&lt;/var&gt;&amp;nbsp;und&amp;nbsp;&lt;var&gt;y&lt;/var&gt;&amp;nbsp;ein.&lt;/li&gt;
&lt;li&gt;Anschlie&amp;szlig;end gibt es "&lt;tt&gt;ggT(&lt;var&gt;x&lt;/var&gt;,&amp;nbsp;&lt;var&gt;y&lt;/var&gt;) =&amp;nbsp;&lt;var&gt;z&lt;/var&gt;&lt;/tt&gt;" aus, wobei&amp;nbsp;&lt;var&gt;z&lt;/var&gt;&amp;nbsp;der ggT von&amp;nbsp;&lt;var&gt;x&lt;/var&gt;&amp;nbsp;und&amp;nbsp;&lt;var&gt;y&lt;/var&gt;&amp;nbsp;ist.&lt;/li&gt;
&lt;li&gt;Kann der ggT nicht berechnet werden, so gibt das Programm stattdessen "&lt;tt&gt;Fehler!&amp;nbsp;&lt;/tt&gt;" aus, gefolgt von einer passenden Fehlermeldung.&lt;/li&gt;
&lt;li&gt;Anschlie&amp;szlig;end beginnt Ihr Programm wieder bei Schritt 1.&lt;/li&gt;
&lt;li&gt;Die Eingabe von "0 0" beendet Ihr Programm.&lt;/li&gt;
&lt;/ol&gt;
&lt;h2&gt;Beispiel&lt;/h2&gt;
&lt;p&gt;Text in&amp;nbsp;&lt;tt&gt;&lt;strong&gt;fett&lt;/strong&gt;&lt;/tt&gt;&amp;nbsp;sind Eingaben des Benutzers,&amp;nbsp;&lt;tt&gt;gew&amp;ouml;hnliche Texte&lt;/tt&gt;&amp;nbsp;sind Ausgaben des Rechners.&lt;/p&gt;
&lt;pre class="brush: bash;gutter: false; fontsize: 100; first-line: 1; "&gt;$ ggt&lt;br /&gt;ggT&amp;gt; 4 5&lt;br /&gt;ggT(4, 5) = 1&lt;br /&gt;ggT&amp;gt; 91 21&lt;br /&gt;ggT(91, 21) = 7&lt;br /&gt;ggT&amp;gt; 960 18&lt;br /&gt;ggT(960, 18) = 6&lt;br /&gt;ggT&amp;gt; 1023 1&lt;br /&gt;ggT(1023, 1) = 1&lt;br /&gt;ggT&amp;gt; 0 9&lt;br /&gt;Fehler! ung&amp;uuml;ltiger Wert&lt;br /&gt;ggT&amp;gt; 1 0&lt;br /&gt;Fehler! ung&amp;uuml;ltiger Wert&lt;br /&gt;ggT&amp;gt; 0 0&lt;br /&gt;$ _&lt;/pre&gt;
&lt;h2&gt;&lt;strong&gt;Implementierungshinweise&lt;/strong&gt;&lt;/h2&gt;
&lt;ul&gt;
&lt;li&gt;F&amp;uuml;r die Berechnung des ggT benutzen Sie bitte eine eigene Methode&amp;nbsp;&lt;tt&gt;ggT&lt;/tt&gt;.&lt;/li&gt;
&lt;li&gt;&lt;tt&gt;ggT&lt;/tt&gt;&amp;nbsp;soll den ggT mit Hilfe einer Schleife berechnen (sich also nicht selbst aufrufen).&lt;/li&gt;
&lt;li&gt;Da das Einlesen von Texten und Zahlen in Java etwas aufwendiger ist, k&amp;ouml;nnen Sie Klasse&amp;nbsp;&lt;tt&gt;javagently.Stream&lt;/tt&gt;&amp;nbsp;benutzen, die sie auf den&amp;nbsp;&lt;a href="http://javagently.cs.up.ac.za/jg3e/downloads.shtml"&gt;Webseiten zum Buch &amp;raquo;Java Gently&amp;laquo;&lt;/a&gt;&amp;nbsp;erhalten k&amp;ouml;nnen (&lt;a href="http://www.cs.up.ac.za/javagently/Stream.htm"&gt;Hinweise zu Stream&lt;/a&gt;). Legen Sie ein Unterverzeichnis&amp;nbsp;&lt;tt&gt;javagently&lt;/tt&gt;&amp;nbsp;an, speichern und &amp;uuml;bersetzen Sie dort &lt;tt&gt;Stream.java&lt;/tt&gt;.&amp;nbsp;&lt;strong&gt;Reichen Sie diese Klasse aber nicht mit ein!&lt;/strong&gt;&lt;/li&gt;
&lt;li&gt; Die Klasse&amp;nbsp;&lt;tt&gt;Stream&lt;/tt&gt;&amp;nbsp;erzeugt im Fehlerfalle eine Exception. Was das ist erkl&amp;auml;rt man Ihnen sp&amp;auml;ter - Sie m&amp;uuml;ssen nur darauf achten, dass&amp;nbsp;&lt;tt&gt;main&lt;/tt&gt;&amp;nbsp;wie folgt deklariert ist:
&lt;pre class="brush: java;gutter: false; fontsize: 100; first-line: 1; "&gt;static public void main(String[] argv) throws IOException&lt;/pre&gt;
&lt;p&gt;Sie m&amp;uuml;ssen innerhalb von&amp;nbsp;&lt;tt&gt;main&lt;/tt&gt;&amp;nbsp;au&amp;szlig;erdem ein Stream-Objekt erzeugen:&lt;/p&gt;
&lt;pre class="brush: java;gutter: false; fontsize: 100; first-line: 1; "&gt;Stream in = new Stream(System.in);&lt;/pre&gt;
&lt;/li&gt;
&lt;li&gt;Das Einlesen einer Eingabezeile mit zwei Integer-Werten mittels&amp;nbsp;&lt;tt&gt;Stream&lt;/tt&gt;&amp;nbsp;funktioniert dann beispielsweise wie folgt
&lt;pre class="brush: java;gutter: false; fontsize: 100; first-line: 1; "&gt;int i = in.readInt();&lt;br /&gt;int j = in.readInt();&lt;/pre&gt;
&lt;/li&gt;
&lt;/ul&gt;
&lt;ul&gt;
&lt;li&gt;Bei der Ausgabe mit&amp;nbsp;&lt;tt&gt;System.out.print&lt;/tt&gt;&amp;nbsp;bzw.&amp;nbsp;&lt;tt&gt;println&lt;/tt&gt;&amp;nbsp;kann man mehrere Werte auf einmal ausgeben, z.B. &lt;span style="font-family: monospace, Arial, Helvetica, sans-serif;"&gt;
&lt;pre class="brush: java;gutter: false; fontsize: 100; first-line: 1; "&gt;System.out.println("ggt(" + i + ", " + j + ") = " + ggt(i,j));&lt;/pre&gt;
&lt;br /&gt;&lt;/span&gt;&lt;/li&gt;
&lt;/ul&gt;</field><field type="DateTimeField" name="publication_date">2010-03-13 23:01:45</field><field type="DateTimeField" name="submission_date">2011-01-01 15:20:06</field></object><object pk="14" model="checker.createfilechecker"><field type="DateTimeField" name="created">2010-03-13 22:59:04</field><field to="tasks.task" name="task" rel="ManyToOneRel">21</field><field type="BooleanField" name="public">0</field><field type="BooleanField" name="required">0</field><field type="BooleanField" name="always">1</field><field type="FileField" name="file">AdminFiles/CopyChecker/20100313225904/Stream.java</field><field type="CharField" name="path">javagently</field></object><object pk="40" model="checker.dejagnutester"><field type="DateTimeField" name="created">2010-03-13 22:59:04</field><field to="tasks.task" name="task" rel="ManyToOneRel">21</field><field type="BooleanField" name="public">1</field><field type="BooleanField" name="required">1</field><field type="BooleanField" name="always">1</field><field type="CharField" name="name">Public</field><field type="FileField" name="test_case">AdminFiles/DejaGnuTestCases/20100313225904/public.exp</field></object><object pk="41" model="checker.dejagnutester"><field type="DateTimeField" name="created">2010-03-13 22:59:04</field><field to="tasks.task" name="task" rel="ManyToOneRel">21</field><field type="BooleanField" name="public">1</field><field type="BooleanField" name="required">1</field><field type="BooleanField" name="always">1</field><field type="CharField" name="name">Pubmore</field><field type="FileField" name="test_case">AdminFiles/DejaGnuTestCases/20100313225904/pubmore.exp</field></object><object pk="42" model="checker.dejagnutester"><field type="DateTimeField" name="created">2010-03-13 22:59:04</field><field to="tasks.task" name="task" rel="ManyToOneRel">21</field><field type="BooleanField" name="public">0</field><field type="BooleanField" name="required">0</field><field type="BooleanField" name="always">1</field><field type="CharField" name="name">Secret</field><field type="FileField" name="test_case">AdminFiles/DejaGnuTestCases/20100313225904/secret.exp</field></object><object pk="2" model="checker.dejagnusetup"><field type="DateTimeField" name="created">2010-03-13 22:59:04</field><field to="tasks.task" name="task" rel="ManyToOneRel">21</field><field type="BooleanField" name="public">0</field><field type="BooleanField" name="required">0</field><field type="BooleanField" name="always">1</field><field type="FileField" name="test_defs">AdminFiles/DejaGnuTestCases/20100314132112/default.exp</field></object><object pk="2" model="checker.javabuilder"><field type="DateTimeField" name="created">2009-11-07 07:46:38</field><field to="tasks.task" name="task" rel="ManyToOneRel">21</field><field type="BooleanField" name="public">1</field><field type="BooleanField" name="required">1</field><field type="BooleanField" name="always">1</field><field type="CharField" name="_flags"></field><field type="CharField" name="_output_flags"></field><field type="CharField" name="_libs"></field><field type="CharField" name="_file_pattern">^[a-zA-Z0-9_/\\]*\.[jJ][aA][vV][aA]$</field></object></django-objects>