<?xml version="1.0" encoding="utf-8"?>
<django-objects version="1.0"><object pk="2" model="tasks.task"><field type="CharField" name="title">Capitalize a string</field><field type="TextField" name="description">&lt;p&gt;To "capitalize" a string means to change the first letter of each word in the string to upper case (if it is not already upper case). For example, a capitalized version of "Now is the time to act!" is "Now Is The Time To Act!". Write a subroutine named&amp;nbsp;&lt;tt&gt;printCapitalized&lt;/tt&gt;&amp;nbsp;that will print a capitalized version of a string to standard output. The string to be printed should be a parameter to the subroutine. Test your subroutine with a&amp;nbsp;&lt;tt&gt;main()&lt;/tt&gt;&amp;nbsp;routine that gets a line of input from the user and applies the subroutine to it.&lt;/p&gt;
&lt;p&gt;Note that a letter is the first letter of a word if it is not immediately preceded in the string by another letter. Recall that there is a standard&amp;nbsp;&lt;tt&gt;boolean&lt;/tt&gt;-valued function&amp;nbsp;&lt;tt&gt;Character.isLetter(char)&lt;/tt&gt;&amp;nbsp;that can be used to test whether its parameter is a letter. There is another standard&amp;nbsp;&lt;tt&gt;char&lt;/tt&gt;-valued function,&amp;nbsp;&lt;tt&gt;Character.toUpperCase(char)&lt;/tt&gt;, that returns a capitalized version of the single character passed to it as a parameter. That is, if the parameter is a letter, it returns the upper-case version. If the parameter is not a letter, it just returns a copy of the parameter.&lt;/p&gt;</field><field type="DateTimeField" name="publication_date">2010-09-01 00:00:00</field><field type="DateTimeField" name="submission_date">2010-10-01 12:24:44</field><field to="solutions.solution" name="model_solution" rel="ManyToOneRel">39</field><field type="BooleanField" name="all_checker_finished">True</field><field to="attestation.ratingscale" name="final_grade_rating_scale" rel="ManyToOneRel">1</field></object><object pk="1" model="checker.anonymitychecker"><field type="DateTimeField" name="created">2010-09-09 13:24:16</field><field type="IntegerField" name="order">1</field><field to="tasks.task" name="task" rel="ManyToOneRel">2</field><field type="BooleanField" name="public">True</field><field type="BooleanField" name="required">True</field><field type="BooleanField" name="always">True</field></object><object pk="1" model="checker.linewidthchecker"><field type="DateTimeField" name="created">2010-10-11 12:41:51</field><field type="IntegerField" name="order">2</field><field to="tasks.task" name="task" rel="ManyToOneRel">2</field><field type="BooleanField" name="public">False</field><field type="BooleanField" name="required">False</field><field type="BooleanField" name="always">False</field><field type="IntegerField" name="max_line_length">80</field><field type="IntegerField" name="tab_width">4</field></object><object pk="2" model="checker.createfilechecker"><field type="DateTimeField" name="created">2010-09-09 15:01:38</field><field type="IntegerField" name="order">3</field><field to="tasks.task" name="task" rel="ManyToOneRel">2</field><field type="BooleanField" name="public">False</field><field type="BooleanField" name="required">False</field><field type="BooleanField" name="always">True</field><field type="FileField" name="file">AdminFiles/CopyChecker/20100909152212/TextIO.java</field><field type="CharField" name="path"></field></object><object pk="1" model="checker.linecounter"><field type="DateTimeField" name="created">2010-10-11 12:41:51</field><field type="IntegerField" name="order">4</field><field to="tasks.task" name="task" rel="ManyToOneRel">2</field><field type="BooleanField" name="public">False</field><field type="BooleanField" name="required">False</field><field type="BooleanField" name="always">False</field></object><object pk="1" model="checker.checkstylechecker"><field type="DateTimeField" name="created">2010-09-09 13:24:16</field><field type="IntegerField" name="order">5</field><field to="tasks.task" name="task" rel="ManyToOneRel">2</field><field type="BooleanField" name="public">True</field><field type="BooleanField" name="required">False</field><field type="BooleanField" name="always">True</field><field type="CharField" name="name">White space check</field><field type="TextField" name="configuration">&lt;?xml version="1.0"?&gt;
&lt;!DOCTYPE module PUBLIC
    "-//Puppy Crawl//DTD Check Configuration 1.1//EN"
    "http://www.puppycrawl.com/dtds/configuration_1_1.dtd"&gt;

&lt;!--

  Checkstyle configuration that checks the sun coding conventions from:

    - the Java Language Specification at
      http://java.sun.com/docs/books/jls/second_edition/html/index.html

    - the Sun Code Conventions at http://java.sun.com/docs/codeconv/

    - the Javadoc guidelines at
      http://java.sun.com/j2se/javadoc/writingdoccomments/index.html

    - the JDK Api documentation http://java.sun.com/j2se/docs/api/index.html

    - some best practices

  Checkstyle is very configurable. Be sure to read the documentation at
  http://checkstyle.sf.net (or in your downloaded distribution).

  Most Checks are configurable, be sure to consult the documentation.

  To completely disable a check, just comment it out or delete it from the file.

  Finally, it is worth reading the documentation.

--&gt;

&lt;module name="Checker"&gt;

    &lt;!-- Checks that a package.html file exists for each package.     --&gt;
    &lt;!-- See http://checkstyle.sf.net/config_javadoc.html#PackageHtml --&gt;
    &lt;!-- module name="PackageHtml"/ --&gt;

    &lt;!-- Checks whether files end with a new line.                        --&gt;
    &lt;!-- See http://checkstyle.sf.net/config_misc.html#NewlineAtEndOfFile --&gt;
    &lt;!--module name="NewlineAtEndOfFile"/--&gt;

    &lt;!-- Checks that property files contain the same keys.         --&gt;
    &lt;!-- See http://checkstyle.sf.net/config_misc.html#Translation --&gt;
    &lt;module name="Translation"/&gt;


    &lt;module name="TreeWalker"&gt;
        &lt;property name="tabWidth" value="4"/&gt;
        &lt;!-- Checks for Javadoc comments.                     --&gt;
        &lt;!-- See http://checkstyle.sf.net/config_javadoc.html --&gt;
	&lt;module name="JavadocType"&gt;
	   &lt;property name="scope" value="package"/&gt;
	&lt;/module&gt;
	&lt;module name="JavadocMethod"&gt;
	   &lt;property name="scope" value="package"/&gt;
           &lt;property name="allowUndeclaredRTE" value="true"/&gt;
           &lt;property name="logLoadErrors" value="true"/&gt;
           &lt;property name="suppressLoadErrors" value="true"/&gt;
	&lt;/module&gt;
	&lt;module name="JavadocVariable"&gt;
	   &lt;property name="scope" value="public"/&gt;
	&lt;/module&gt;
	&lt;!--
	        &lt;module name="JavadocMethod"/&gt;
	        &lt;module name="JavadocType"/&gt;
	        &lt;module name="JavadocVariable"/&gt;
	--&gt;

        &lt;!-- Checks for Naming Conventions.                  --&gt;
        &lt;!-- See http://checkstyle.sf.net/config_naming.html --&gt;
        &lt;module name="ConstantName"/&gt;
        &lt;module name="LocalFinalVariableName"/&gt;
        &lt;module name="LocalVariableName"/&gt;
        &lt;module name="MemberName"/&gt;
        &lt;module name="MethodName"/&gt;
        &lt;!--module name="PackageName"/--&gt;
        &lt;module name="ParameterName"/&gt;
        &lt;module name="StaticVariableName"/&gt;
        &lt;module name="TypeName"/&gt;


        &lt;!-- Checks for Headers                              --&gt;
        &lt;!-- See http://checkstyle.sf.net/config_header.html --&gt;
        &lt;!--module name="Header" --&gt;
            &lt;!-- The follow property value demonstrates the ability     --&gt;
            &lt;!-- to have access to ANT properties. In this case it uses --&gt;
            &lt;!-- the ${basedir} property to allow Checkstyle to be run  --&gt;
            &lt;!-- from any directory within a project.                   --&gt;
            &lt;!--property name="headerFile" value="${basedir}/java.header"/ --&gt;
        &lt;!-- /module --&gt;

        &lt;!-- Following interprets the header file as regular expressions. --&gt;
        &lt;!-- &lt;module name="RegexpHeader"/&gt;                                --&gt;

        &lt;!-- Checks for imports                              --&gt;
        &lt;!-- See http://checkstyle.sf.net/config_import.html --&gt;
        &lt;module name="AvoidStarImport"/&gt;
        &lt;module name="IllegalImport"/&gt; &lt;!-- defaults to sun.* packages --&gt;
        &lt;module name="RedundantImport"/&gt;
        &lt;module name="UnusedImports"/&gt;


        &lt;!-- Checks for Size Violations.                    --&gt;
        &lt;!-- See http://checkstyle.sf.net/config_sizes.html --&gt;
        &lt;module name="ExecutableStatementCount"&gt;
            &lt;property name="max" value="20"/&gt;
            &lt;property name="tokens" value="CTOR_DEF"/&gt;
        &lt;/module&gt;
        &lt;module name="ExecutableStatementCount"&gt;
            &lt;property name="max" value="100"/&gt;
            &lt;property name="tokens" value="METHOD_DEF"/&gt;
        &lt;/module&gt;
 	&lt;module name="FileLength"&gt;
            &lt;property name="max" value="1000"/&gt;
 	&lt;/module&gt;
        &lt;!--module name="LineLength"/--&gt;
        &lt;module name="MethodLength"/&gt;
        &lt;module name="AnonInnerLength"&gt;
            &lt;property name="max" value="60"/&gt;
        &lt;/module&gt;
        &lt;module name="ParameterNumber"/&gt;


        &lt;!-- Checks for whitespace                               --&gt;
        &lt;!-- See http://checkstyle.sf.net/config_whitespace.html --&gt;
        &lt;module name="EmptyForIteratorPad"/&gt;
        &lt;module name="NoWhitespaceAfter"&gt;
            &lt;property name="tokens" value="BNOT, DEC, DOT, INC, LNOT, UNARY_MINUS, UNARY_PLUS" /&gt;
        &lt;/module&gt;
        &lt;module name="NoWhitespaceBefore"/&gt;
        &lt;module name="OperatorWrap"/&gt;
        &lt;module name="ParenPad"/&gt;
        &lt;!--module name="TabCharacter"/--&gt;
	&lt;module name="WhitespaceAfter"/&gt;
	&lt;module name="WhitespaceAround"&gt;
            &lt;property name="tokens" value="ASSIGN, BAND, BAND_ASSIGN, BOR,              
             BOR_ASSIGN, BSR, BSR_ASSIGN, BXOR, BXOR_ASSIGN, COLON, DIV,              
             DIV_ASSIGN, EQUAL, GE, GT, LAND, LCURLY, LE, LITERAL_ASSERT,
             LITERAL_CATCH, LITERAL_DO, LITERAL_ELSE, LITERAL_FINALLY,
             LITERAL_FOR, LITERAL_IF, LITERAL_RETURN, LITERAL_SYNCHRONIZED, 
             LITERAL_TRY, LITERAL_WHILE, LOR, LT, MINUS, MINUS_ASSIGN, MOD, 
             MOD_ASSIGN, NOT_EQUAL, PLUS, PLUS_ASSIGN, QUESTION, RCURLY, 
             SL, SLIST, SL_ASSIGN, SR, SR_ASSIGN, STAR, STAR_ASSIGN,
             TYPE_EXTENSION_AND"/&gt;
        &lt;/module&gt;


        &lt;!-- Modifier Checks                                    --&gt;
        &lt;!-- See http://checkstyle.sf.net/config_modifiers.html --&gt;
        &lt;!--module name="ModifierOrder"/--&gt;
        &lt;module name="RedundantModifier"/&gt;


        &lt;!-- Checks for blocks. You know, those {}'s         --&gt;
        &lt;!-- See http://checkstyle.sf.net/config_blocks.html --&gt;
        &lt;module name="AvoidNestedBlocks"/&gt;
        &lt;module name="EmptyBlock"/&gt;
        &lt;module name="LeftCurly"/&gt;
        &lt;module name="NeedBraces"/&gt;
        &lt;module name="RightCurly"/&gt;

	&lt;!--
        &lt;module name="GenericIllegalRegexp"&gt;
            &lt;property name="format" value="\s+$"/&gt;
            &lt;property name="message" value="Line has trailing spaces."/&gt;
        &lt;/module&gt;
	--&gt;

    &lt;/module&gt;

&lt;/module&gt;</field></object><object pk="2" model="checker.javabuilder"><field type="DateTimeField" name="created">2010-09-09 13:24:16</field><field type="IntegerField" name="order">6</field><field to="tasks.task" name="task" rel="ManyToOneRel">2</field><field type="BooleanField" name="public">True</field><field type="BooleanField" name="required">True</field><field type="BooleanField" name="always">True</field><field type="CharField" name="_flags"></field><field type="CharField" name="_output_flags"></field><field type="CharField" name="_libs"></field><field type="CharField" name="_file_pattern">^[a-zA-Z0-9_/\\]*\.[jJ][aA][vV][aA]$</field></object><object pk="39" model="solutions.solution"><field type="IntegerField" name="number">8</field><field to="tasks.task" name="task" rel="ManyToOneRel">2</field><field to="accounts.user" name="author" rel="ManyToOneRel">5</field><field type="DateTimeField" name="creation_date">2010-09-09 16:27:10</field><field type="BooleanField" name="accepted">True</field><field type="BooleanField" name="warnings">False</field></object><object pk="44" model="solutions.solutionfile"><field to="solutions.solution" name="solution" rel="ManyToOneRel">39</field><field type="FileField" name="file">SolutionArchive/Task_2/User_trainer/Solution_39/CapitolizeOneString.java</field></object></django-objects>